{
	"loader": "fusion:model",
   "type": "connecting",
   "connections": [
        {
         "type": "is_same_block"
        },
		{
			"type": "match_block",
            "block": "mekanismgenerators:fusion_reactor_frame"
		},
		{
			"type": "match_block",
            "block": "mekanismgenerators:fusion_reactor_port"
		},
		{
			"type": "match_block",
            "block": "mekanismgenerators:fusion_reactor_controller"
		}
    ],
  "parent": "minecraft:block/cube_all",
  "textures": {
       "all": "mekanismgenerators:block/fct/reactor_logic_adapter"
    }
}