{
    "parent": "block/cube_all",
    "textures": {
        "particle": "#particle",
        "down": "#down",
        "up": "#up",
        "north": "#front",
        "east": "#h_side",
        "south": "#h_side",
        "west": "#h_side"
    },
    "elements": [
        {
            "from": [ 0, 0, 0 ],
            "to": [ 16, 16, 16 ],
            "faces": {
                "down":  { "texture": "#down", "cullface": "down" },
                "up":    { "texture": "#up", "cullface": "up" },
                "north": { "texture": "#north", "cullface": "north" },
                "south": { "texture": "#south", "cullface": "south" },
                "west":  { "texture": "#west", "cullface": "west" },
                "east":  { "texture": "#east", "cullface": "east" }
            }
        }
    ]
}